threshold,pr_auc,roc_auc,recall,precision,f1,accuracy,tn,fp,fn,tp,split,experiment_type,feature_config,model_name,row_order_seed,model_seed,negative_ratio,bootstrap_type,bagging_temperature,subsample,boosting_type,random_strength,l2_leaf_reg,train_subset_rows,n_columns,fit_seconds,best_iteration,status,error,threshold_strategy
0.5,0.2834881680974963,0.7095836046212061,0.04272062956717257,0.5757575757575758,0.07953950811093669,0.883285780638312,13236,56,1703,76,validation,history_catboost_bootstrap_search,history_bootstrap_indicator_cat_interactions,BootstrapCat_full_default_row202_model202,202,202,-1.0,Default,,,Default,1.0,10.0,69444,199,69.52790358301718,1436,ok,,default_0.5
0.15955575797573193,0.2834881680974963,0.7095836046212061,0.40415964024733,0.28273692489186003,0.3327163350300787,0.8086391082210869,11468,1824,1060,719,validation,history_catboost_bootstrap_search,history_bootstrap_indicator_cat_interactions,BootstrapCat_full_default_row202_model202,202,202,-1.0,Default,,,Default,1.0,10.0,69444,199,69.52790358301718,1436,ok,,best_f1
0.09196539271798057,0.2834881680974963,0.7095836046212061,0.7453625632377741,0.1818431157432803,0.2923602689890861,0.5740826753367394,7326,5966,453,1326,validation,history_catboost_bootstrap_search,history_bootstrap_indicator_cat_interactions,BootstrapCat_full_default_row202_model202,202,202,-1.0,Default,,,Default,1.0,10.0,69444,199,69.52790358301718,1436,ok,,best_f2
0.04086609837667068,0.2834881680974963,0.7095836046212061,0.9949409780775716,0.12,0.21416903623933692,0.13814610842014466,312,12980,9,1770,validation,history_catboost_bootstrap_search,history_bootstrap_indicator_cat_interactions,BootstrapCat_full_default_row202_model202,202,202,-1.0,Default,,,Default,1.0,10.0,69444,199,69.52790358301718,1436,ok,,max_recall_precision_ge_0.12
0.06993390931919041,0.2834881680974963,0.7095836046212061,0.8684654300168634,0.15,0.25581587879791373,0.40355649923694514,4537,8755,234,1545,validation,history_catboost_bootstrap_search,history_bootstrap_indicator_cat_interactions,BootstrapCat_full_default_row202_model202,202,202,-1.0,Default,,,Default,1.0,10.0,69444,199,69.52790358301718,1436,ok,,max_recall_precision_ge_0.15
0.10511495901611945,0.2834881680974963,0.7095836046212061,0.6616076447442384,0.2,0.3071503131524008,0.6476677061906974,8584,4708,602,1177,validation,history_catboost_bootstrap_search,history_bootstrap_indicator_cat_interactions,BootstrapCat_full_default_row202_model202,202,202,-1.0,Default,,,Default,1.0,10.0,69444,199,69.52790358301718,1436,ok,,max_recall_precision_ge_0.20
0.5,0.23710341553405023,0.6823809123131046,0.028134556574923548,0.5822784810126582,0.05367561260210035,0.8906123550040465,13160,33,1589,46,test,history_catboost_bootstrap_search,history_bootstrap_indicator_cat_interactions,BootstrapCat_full_default_row202_model202,202,202,-1.0,Default,,,Default,1.0,10.0,69444,199,69.52790358301718,1436,ok,,default_0.5
0.14094584555790501,0.23710341553405023,0.6823809123131046,0.42691131498470947,0.22067657287385395,0.2909545644018341,0.7705691934178581,10728,2465,937,698,test,history_catboost_bootstrap_search,history_bootstrap_indicator_cat_interactions,BootstrapCat_full_default_row202_model202,202,202,-1.0,Default,,,Default,1.0,10.0,69444,199,69.52790358301718,1436,ok,,best_f1
0.08913381734239062,0.23710341553405023,0.6823809123131046,0.7223241590214067,0.16173651054505614,0.2642945059863489,0.5565821418937146,7072,6121,454,1181,test,history_catboost_bootstrap_search,history_bootstrap_indicator_cat_interactions,BootstrapCat_full_default_row202_model202,202,202,-1.0,Default,,,Default,1.0,10.0,69444,199,69.52790358301718,1436,ok,,best_f2
0.05209610390361963,0.23710341553405023,0.6823809123131046,0.9602446483180428,0.12000305740273638,0.2133442043755945,0.21917992986242243,1680,11513,65,1570,test,history_catboost_bootstrap_search,history_bootstrap_indicator_cat_interactions,BootstrapCat_full_default_row202_model202,202,202,-1.0,Default,,,Default,1.0,10.0,69444,199,69.52790358301718,1436,ok,,max_recall_precision_ge_0.12
0.07970419905111951,0.23710341553405023,0.6823809123131046,0.7755351681957187,0.1500059150597421,0.2513877874702617,0.49069328297814946,6008,7185,367,1268,test,history_catboost_bootstrap_search,history_bootstrap_indicator_cat_interactions,BootstrapCat_full_default_row202_model202,202,202,-1.0,Default,,,Default,1.0,10.0,69444,199,69.52790358301718,1436,ok,,max_recall_precision_ge_0.15
0.12490805208897597,0.23710341553405023,0.6823809123131046,0.5003058103975535,0.2,0.28576419213973797,0.724237928243863,9921,3272,817,818,test,history_catboost_bootstrap_search,history_bootstrap_indicator_cat_interactions,BootstrapCat_full_default_row202_model202,202,202,-1.0,Default,,,Default,1.0,10.0,69444,199,69.52790358301718,1436,ok,,max_recall_precision_ge_0.20
0.5,0.28160163723422876,0.7094805025427053,0.035975267003934795,0.5663716814159292,0.06765327695560254,0.882954017649791,13243,49,1715,64,validation,history_catboost_bootstrap_search,history_bootstrap_indicator_cat_interactions,BootstrapCat_full_bayesian_temp0,202,202,-1.0,Bayesian,0.0,,Default,1.0,10.0,69444,199,51.78756049997173,880,ok,,default_0.5
0.14943990733470097,0.28160163723422876,0.7094805025427053,0.4418212478920742,0.2680763983628922,0.3336871152621524,0.7917191958065158,11146,2146,993,786,validation,history_catboost_bootstrap_search,history_bootstrap_indicator_cat_interactions,BootstrapCat_full_bayesian_temp0,202,202,-1.0,Bayesian,0.0,,Default,1.0,10.0,69444,199,51.78756049997173,880,ok,,best_f1
0.0946749533265484,0.28160163723422876,0.7094805025427053,0.7341202922990444,0.18569600454997867,0.29641398093508853,0.5886138942339593,7565,5727,473,1306,validation,history_catboost_bootstrap_search,history_bootstrap_indicator_cat_interactions,BootstrapCat_full_bayesian_temp0,202,202,-1.0,Bayesian,0.0,,Default,1.0,10.0,69444,199,51.78756049997173,880,ok,,best_f2
0.04416563624830693,0.28160163723422876,0.7094805025427053,0.9966273187183811,0.12,0.21420804639362087,0.13688540906376484,290,13002,6,1773,validation,history_catboost_bootstrap_search,history_bootstrap_indicator_cat_interactions,BootstrapCat_full_bayesian_temp0,202,202,-1.0,Bayesian,0.0,,Default,1.0,10.0,69444,199,51.78756049997173,880,ok,,max_recall_precision_ge_0.12
0.07054021397461455,0.28160163723422876,0.7094805025427053,0.8695896571107363,0.15000484824978183,0.2558716506781343,0.4029593258576073,4526,8766,232,1547,validation,history_catboost_bootstrap_search,history_bootstrap_indicator_cat_interactions,BootstrapCat_full_bayesian_temp0,202,202,-1.0,Bayesian,0.0,,Default,1.0,10.0,69444,199,51.78756049997173,880,ok,,max_recall_precision_ge_0.15
0.10464914924810109,0.28160163723422876,0.7094805025427053,0.6683530073074762,0.2,0.3078715691351631,0.6452790126733462,8536,4756,590,1189,validation,history_catboost_bootstrap_search,history_bootstrap_indicator_cat_interactions,BootstrapCat_full_bayesian_temp0,202,202,-1.0,Bayesian,0.0,,Default,1.0,10.0,69444,199,51.78756049997173,880,ok,,max_recall_precision_ge_0.20
0.5,0.23488749173380813,0.6809203564766878,0.02018348623853211,0.5076923076923077,0.03882352941176471,0.8898030752630159,13161,32,1602,33,test,history_catboost_bootstrap_search,history_bootstrap_indicator_cat_interactions,BootstrapCat_full_bayesian_temp0,202,202,-1.0,Bayesian,0.0,,Default,1.0,10.0,69444,199,51.78756049997173,880,ok,,default_0.5
0.12972297635692057,0.23488749173380813,0.6809203564766878,0.4782874617737003,0.2073720498541501,0.2893081761006289,0.7408956029134071,10204,2989,853,782,test,history_catboost_bootstrap_search,history_bootstrap_indicator_cat_interactions,BootstrapCat_full_bayesian_temp0,202,202,-1.0,Bayesian,0.0,,Default,1.0,10.0,69444,199,51.78756049997173,880,ok,,best_f1
0.0838513717754776,0.23488749173380813,0.6809203564766878,0.7547400611620795,0.15436577433074805,0.2563090663620314,0.5170623145400594,6433,6760,401,1234,test,history_catboost_bootstrap_search,history_bootstrap_indicator_cat_interactions,BootstrapCat_full_bayesian_temp0,202,202,-1.0,Bayesian,0.0,,Default,1.0,10.0,69444,199,51.78756049997173,880,ok,,best_f2
0.053819544180578556,0.23488749173380813,0.6809203564766878,0.9657492354740062,0.1200030399756802,0.21347934834043128,0.21533585109252765,1614,11579,56,1579,test,history_catboost_bootstrap_search,history_bootstrap_indicator_cat_interactions,BootstrapCat_full_bayesian_temp0,202,202,-1.0,Bayesian,0.0,,Default,1.0,10.0,69444,199,51.78756049997173,880,ok,,max_recall_precision_ge_0.12
0.08039327757544922,0.23488749173380813,0.6809203564766878,0.7730886850152905,0.15001186802753383,0.2512672696551039,0.49197464256811435,6031,7162,371,1264,test,history_catboost_bootstrap_search,history_bootstrap_indicator_cat_interactions,BootstrapCat_full_bayesian_temp0,202,202,-1.0,Bayesian,0.0,,Default,1.0,10.0,69444,199,51.78756049997173,880,ok,,max_recall_precision_ge_0.15
0.1242977357058006,0.23488749173380813,0.6809203564766878,0.5051987767584097,0.2,0.2865568083261058,0.722619368761802,9889,3304,809,826,test,history_catboost_bootstrap_search,history_bootstrap_indicator_cat_interactions,BootstrapCat_full_bayesian_temp0,202,202,-1.0,Bayesian,0.0,,Default,1.0,10.0,69444,199,51.78756049997173,880,ok,,max_recall_precision_ge_0.20
0.5,0.2812115911991272,0.7090763829930119,0.04215851602023609,0.5639097744360902,0.07845188284518828,0.8830867228451994,13234,58,1704,75,validation,history_catboost_bootstrap_search,history_bootstrap_indicator_cat_interactions,BootstrapCat_full_bayesian_temp0.5,202,202,-1.0,Bayesian,0.5,,Default,1.0,10.0,69444,199,76.35738258308265,1499,ok,,default_0.5
0.1536379522219189,0.2812115911991272,0.7090763829930119,0.4266441821247892,0.2753991291727141,0.3347298787210584,0.7998142127264283,11295,1997,1020,759,validation,history_catboost_bootstrap_search,history_bootstrap_indicator_cat_interactions,BootstrapCat_full_bayesian_temp0.5,202,202,-1.0,Bayesian,0.5,,Default,1.0,10.0,69444,199,76.35738258308265,1499,ok,,best_f1
0.0936767781457126,0.2812115911991272,0.7090763829930119,0.7374929735806633,0.18295914098452098,0.2931843575418994,0.5802534669232301,7433,5859,467,1312,validation,history_catboost_bootstrap_search,history_bootstrap_indicator_cat_interactions,BootstrapCat_full_bayesian_temp0.5,202,202,-1.0,Bayesian,0.5,,Default,1.0,10.0,69444,199,76.35738258308265,1499,ok,,best_f2
0.040506859378146805,0.2812115911991272,0.7090763829930119,0.9949409780775716,0.12,0.21416903623933692,0.13814610842014466,312,12980,9,1770,validation,history_catboost_bootstrap_search,history_bootstrap_indicator_cat_interactions,BootstrapCat_full_bayesian_temp0.5,202,202,-1.0,Bayesian,0.5,,Default,1.0,10.0,69444,199,76.35738258308265,1499,ok,,max_recall_precision_ge_0.12
0.0693492487768007,0.2812115911991272,0.7090763829930119,0.8707138842046094,0.15000968429207825,0.25592730276745146,0.4023621524782695,4515,8777,230,1549,validation,history_catboost_bootstrap_search,history_bootstrap_indicator_cat_interactions,BootstrapCat_full_bayesian_temp0.5,202,202,-1.0,Bayesian,0.5,,Default,1.0,10.0,69444,199,76.35738258308265,1499,ok,,max_recall_precision_ge_0.15
0.10542885253609995,0.2812115911991272,0.7090763829930119,0.6621697582911749,0.2,0.3072108488720824,0.6474686483975848,8580,4712,601,1178,validation,history_catboost_bootstrap_search,history_bootstrap_indicator_cat_interactions,BootstrapCat_full_bayesian_temp0.5,202,202,-1.0,Bayesian,0.5,,Default,1.0,10.0,69444,199,76.35738258308265,1499,ok,,max_recall_precision_ge_0.20
0.5,0.23636066721183416,0.6814708291001321,0.02874617737003058,0.573170731707317,0.054746651135701804,0.8905449150256272,13158,35,1588,47,test,history_catboost_bootstrap_search,history_bootstrap_indicator_cat_interactions,BootstrapCat_full_bayesian_temp0.5,202,202,-1.0,Bayesian,0.5,,Default,1.0,10.0,69444,199,76.35738258308265,1499,ok,,default_0.5
0.13624927621362615,0.23636066721183416,0.6814708291001321,0.44831804281345566,0.21413964358749635,0.28983788058521154,0.7577555975182088,10503,2690,902,733,test,history_catboost_bootstrap_search,history_bootstrap_indicator_cat_interactions,BootstrapCat_full_bayesian_temp0.5,202,202,-1.0,Bayesian,0.5,,Default,1.0,10.0,69444,199,76.35738258308265,1499,ok,,best_f1
0.09072766224334623,0.23636066721183416,0.6814708291001321,0.7192660550458716,0.16356050069541028,0.2665155807365439,0.5634610196924738,7179,6014,459,1176,test,history_catboost_bootstrap_search,history_bootstrap_indicator_cat_interactions,BootstrapCat_full_bayesian_temp0.5,202,202,-1.0,Bayesian,0.5,,Default,1.0,10.0,69444,199,76.35738258308265,1499,ok,,best_f2
0.051489220592630315,0.23636066721183416,0.6814708291001321,0.962079510703364,0.12000305157155935,0.21338940514142304,0.21789857027245751,1658,11535,62,1573,test,history_catboost_bootstrap_search,history_bootstrap_indicator_cat_interactions,BootstrapCat_full_bayesian_temp0.5,202,202,-1.0,Bayesian,0.5,,Default,1.0,10.0,69444,199,76.35738258308265,1499,ok,,max_recall_precision_ge_0.12
0.07927552405992508,0.23636066721183416,0.6814708291001321,0.7804281345565749,0.15001175640724196,0.2516517108766394,0.4881980037766388,5963,7230,359,1276,test,history_catboost_bootstrap_search,history_bootstrap_indicator_cat_interactions,BootstrapCat_full_bayesian_temp0.5,202,202,-1.0,Bayesian,0.5,,Default,1.0,10.0,69444,199,76.35738258308265,1499,ok,,max_recall_precision_ge_0.15
0.12507053360085377,0.23636066721183416,0.6814708291001321,0.5009174311926605,0.2,0.2858638743455497,0.7240356083086054,9917,3276,816,819,test,history_catboost_bootstrap_search,history_bootstrap_indicator_cat_interactions,BootstrapCat_full_bayesian_temp0.5,202,202,-1.0,Bayesian,0.5,,Default,1.0,10.0,69444,199,76.35738258308265,1499,ok,,max_recall_precision_ge_0.20
0.5,0.2741316051742656,0.7068146075769116,0.032602585722315905,0.5420560747663551,0.061505832449628844,0.8825559020635658,13243,49,1721,58,validation,history_catboost_bootstrap_search,history_bootstrap_indicator_cat_interactions,BootstrapCat_full_bayesian_temp2,202,202,-1.0,Bayesian,2.0,,Default,1.0,10.0,69444,199,77.86534141702577,1490,ok,,default_0.5
0.14246873153464942,0.2741316051742656,0.7068146075769116,0.45868465430016864,0.2545227698066126,0.32738214643931796,0.777519739897817,10902,2390,963,816,validation,history_catboost_bootstrap_search,history_bootstrap_indicator_cat_interactions,BootstrapCat_full_bayesian_temp2,202,202,-1.0,Bayesian,2.0,,Default,1.0,10.0,69444,199,77.86534141702577,1490,ok,,best_f1
0.0975125116674379,0.2741316051742656,0.7068146075769116,0.7144463181562676,0.18818477938999112,0.29790226180710183,0.6024815871541371,7809,5483,508,1271,validation,history_catboost_bootstrap_search,history_bootstrap_indicator_cat_interactions,BootstrapCat_full_bayesian_temp2,202,202,-1.0,Bayesian,2.0,,Default,1.0,10.0,69444,199,77.86534141702577,1490,ok,,best_f2
0.04152439939036517,0.2741316051742656,0.7068146075769116,0.9960652051714446,0.12000541785182176,0.21420368691447567,0.13734987724769424,298,12994,7,1772,validation,history_catboost_bootstrap_search,history_bootstrap_indicator_cat_interactions,BootstrapCat_full_bayesian_temp2,202,202,-1.0,Bayesian,2.0,,Default,1.0,10.0,69444,199,77.86534141702577,1490,ok,,max_recall_precision_ge_0.12
0.07152294191176249,0.2741316051742656,0.7068146075769116,0.8555368184373243,0.1500098561009265,0.2552620545073375,0.41072257978899873,4668,8624,257,1522,validation,history_catboost_bootstrap_search,history_bootstrap_indicator_cat_interactions,BootstrapCat_full_bayesian_temp2,202,202,-1.0,Bayesian,2.0,,Default,1.0,10.0,69444,199,77.86534141702577,1490,ok,,max_recall_precision_ge_0.15
0.10651087374393585,0.2741316051742656,0.7068146075769116,0.654300168634064,0.2,0.30635609948677456,0.6502554575011612,8636,4656,615,1164,validation,history_catboost_bootstrap_search,history_bootstrap_indicator_cat_interactions,BootstrapCat_full_bayesian_temp2,202,202,-1.0,Bayesian,2.0,,Default,1.0,10.0,69444,199,77.86534141702577,1490,ok,,max_recall_precision_ge_0.20
0.5,0.22913345537555704,0.6784166193220341,0.020795107033639144,0.5074626865671642,0.0399529964747356,0.8898030752630159,13160,33,1601,34,test,history_catboost_bootstrap_search,history_bootstrap_indicator_cat_interactions,BootstrapCat_full_bayesian_temp2,202,202,-1.0,Bayesian,2.0,,Default,1.0,10.0,69444,199,77.86534141702577,1490,ok,,default_0.5
0.12376772736900934,0.22913345537555704,0.6784166193220341,0.5033639143730887,0.1981699975921021,0.2843814789219074,0.720663609387645,9863,3330,812,823,test,history_catboost_bootstrap_search,history_bootstrap_indicator_cat_interactions,BootstrapCat_full_bayesian_temp2,202,202,-1.0,Bayesian,2.0,,Default,1.0,10.0,69444,199,77.86534141702577,1490,ok,,best_f1
0.07732501173037573,0.22913345537555704,0.6784166193220341,0.8012232415902141,0.14702581369248036,0.24845898530109056,0.4655381710277853,5593,7600,325,1310,test,history_catboost_bootstrap_search,history_bootstrap_indicator_cat_interactions,BootstrapCat_full_bayesian_temp2,202,202,-1.0,Bayesian,2.0,,Default,1.0,10.0,69444,199,77.86534141702577,1490,ok,,best_f2
0.052885603509508425,0.22913345537555704,0.6784166193220341,0.9657492354740062,0.1200030399756802,0.21347934834043128,0.21533585109252765,1614,11579,56,1579,test,history_catboost_bootstrap_search,history_bootstrap_indicator_cat_interactions,BootstrapCat_full_bayesian_temp2,202,202,-1.0,Bayesian,2.0,,Default,1.0,10.0,69444,199,77.86534141702577,1490,ok,,max_recall_precision_ge_0.12
0.08124989200654764,0.22913345537555704,0.6784166193220341,0.7688073394495413,0.15,0.2510234648027958,0.494132721877529,6070,7123,378,1257,test,history_catboost_bootstrap_search,history_bootstrap_indicator_cat_interactions,BootstrapCat_full_bayesian_temp2,202,202,-1.0,Bayesian,2.0,,Default,1.0,10.0,69444,199,77.86534141702577,1490,ok,,max_recall_precision_ge_0.15
0.12647491336699723,0.22913345537555704,0.6784166193220341,0.4850152905198777,0.2,0.2832142857142857,0.7292959266253035,10021,3172,842,793,test,history_catboost_bootstrap_search,history_bootstrap_indicator_cat_interactions,BootstrapCat_full_bayesian_temp2,202,202,-1.0,Bayesian,2.0,,Default,1.0,10.0,69444,199,77.86534141702577,1490,ok,,max_recall_precision_ge_0.20
0.5,0.26576610640903325,0.7036516827798552,0.01911186059584036,0.53125,0.03689636462289745,0.8822241390750448,13262,30,1745,34,validation,history_catboost_bootstrap_search,history_bootstrap_indicator_cat_interactions,BootstrapCat_full_bayesian_temp5,202,202,-1.0,Bayesian,5.0,,Default,1.0,10.0,69444,199,77.45902029192075,1439,ok,,default_0.5
0.15065634958688445,0.26576610640903325,0.7036516827798552,0.419336706014615,0.26276858048608664,0.3230835859679515,0.7925817795766704,11199,2093,1033,746,validation,history_catboost_bootstrap_search,history_bootstrap_indicator_cat_interactions,BootstrapCat_full_bayesian_temp5,202,202,-1.0,Bayesian,5.0,,Default,1.0,10.0,69444,199,77.45902029192075,1439,ok,,best_f1
0.09727285018158248,0.26576610640903325,0.7036516827798552,0.7138842046093311,0.18397798058815007,0.29255931812946323,0.5924623449008029,7659,5633,509,1270,validation,history_catboost_bootstrap_search,history_bootstrap_indicator_cat_interactions,BootstrapCat_full_bayesian_temp5,202,202,-1.0,Bayesian,5.0,,Default,1.0,10.0,69444,199,77.45902029192075,1439,ok,,best_f2
0.04168864142297358,0.26576610640903325,0.7036516827798552,0.9966273187183811,0.12,0.21420804639362087,0.13688540906376484,290,13002,6,1773,validation,history_catboost_bootstrap_search,history_bootstrap_indicator_cat_interactions,BootstrapCat_full_bayesian_temp5,202,202,-1.0,Bayesian,5.0,,Default,1.0,10.0,69444,199,77.45902029192075,1439,ok,,max_recall_precision_ge_0.12
0.07289943400835353,0.26576610640903325,0.7036516827798552,0.8673412029229904,0.150009721952168,0.255781185246581,0.40422002521398714,4549,8743,236,1543,validation,history_catboost_bootstrap_search,history_bootstrap_indicator_cat_interactions,BootstrapCat_full_bayesian_temp5,202,202,-1.0,Bayesian,5.0,,Default,1.0,10.0,69444,199,77.45902029192075,1439,ok,,max_recall_precision_ge_0.15
0.10756295873083842,0.26576610640903325,0.7036516827798552,0.6447442383361439,0.2,0.30529677934522226,0.6536394399840754,8704,4588,632,1147,validation,history_catboost_bootstrap_search,history_bootstrap_indicator_cat_interactions,BootstrapCat_full_bayesian_temp5,202,202,-1.0,Bayesian,5.0,,Default,1.0,10.0,69444,199,77.45902029192075,1439,ok,,max_recall_precision_ge_0.20
0.5,0.22417213109558565,0.6768255151524845,0.011009174311926606,0.6206896551724138,0.021634615384615384,0.8902077151335311,13182,11,1617,18,test,history_catboost_bootstrap_search,history_bootstrap_indicator_cat_interactions,BootstrapCat_full_bayesian_temp5,202,202,-1.0,Bayesian,5.0,,Default,1.0,10.0,69444,199,77.45902029192075,1439,ok,,default_0.5
0.1319661723701461,0.22417213109558565,0.6768255151524845,0.45871559633027525,0.2071251035625518,0.2853881278538813,0.7466954410574589,10322,2871,885,750,test,history_catboost_bootstrap_search,history_bootstrap_indicator_cat_interactions,BootstrapCat_full_bayesian_temp5,202,202,-1.0,Bayesian,5.0,,Default,1.0,10.0,69444,199,77.45902029192075,1439,ok,,best_f1
0.0764185343456012,0.22417213109558565,0.6768255151524845,0.8256880733944955,0.14467902689958204,0.24621557541491884,0.44254113838683573,5212,7981,285,1350,test,history_catboost_bootstrap_search,history_bootstrap_indicator_cat_interactions,BootstrapCat_full_bayesian_temp5,202,202,-1.0,Bayesian,5.0,,Default,1.0,10.0,69444,199,77.45902029192075,1439,ok,,best_f2
0.05491542559643644,0.22417213109558565,0.6768255151524845,0.9571865443425076,0.12000613449888813,0.21327337149086945,0.22133800917183707,1717,11476,70,1565,test,history_catboost_bootstrap_search,history_bootstrap_indicator_cat_interactions,BootstrapCat_full_bayesian_temp5,202,202,-1.0,Bayesian,5.0,,Default,1.0,10.0,69444,199,77.45902029192075,1439,ok,,max_recall_precision_ge_0.12
0.0823478612435388,0.22417213109558565,0.6768255151524845,0.7798165137614679,0.15,0.25160335471139617,0.48846776369031564,5968,7225,360,1275,test,history_catboost_bootstrap_search,history_bootstrap_indicator_cat_interactions,BootstrapCat_full_bayesian_temp5,202,202,-1.0,Bayesian,5.0,,Default,1.0,10.0,69444,199,77.45902029192075,1439,ok,,max_recall_precision_ge_0.15
0.1278722350360252,0.22417213109558565,0.6768255151524845,0.4795107033639144,0.2,0.28226822682268227,0.7311168060426221,10057,3136,851,784,test,history_catboost_bootstrap_search,history_bootstrap_indicator_cat_interactions,BootstrapCat_full_bayesian_temp5,202,202,-1.0,Bayesian,5.0,,Default,1.0,10.0,69444,199,77.45902029192075,1439,ok,,max_recall_precision_ge_0.20
0.5,0.27914983533411525,0.7083675667757231,0.03934794828555368,0.56,0.07352941176470588,0.882954017649791,13237,55,1709,70,validation,history_catboost_bootstrap_search,history_bootstrap_indicator_cat_interactions,BootstrapCat_full_bernoulli_sub0.66,202,202,-1.0,Bernoulli,,0.66,Default,1.0,10.0,69444,199,65.36264537496027,1490,ok,,default_0.5
0.14471099571459597,0.27914983533411525,0.7083675667757231,0.4547498594716133,0.2607154366741863,0.331421548545678,0.7834251210934908,10998,2294,970,809,validation,history_catboost_bootstrap_search,history_bootstrap_indicator_cat_interactions,BootstrapCat_full_bernoulli_sub0.66,202,202,-1.0,Bernoulli,,0.66,Default,1.0,10.0,69444,199,65.36264537496027,1490,ok,,best_f1
0.09683831003941282,0.27914983533411525,0.7083675667757231,0.7195053400786959,0.18760076212809615,0.2976052080911416,0.5990976046712229,7749,5543,499,1280,validation,history_catboost_bootstrap_search,history_bootstrap_indicator_cat_interactions,BootstrapCat_full_bernoulli_sub0.66,202,202,-1.0,Bernoulli,,0.66,Default,1.0,10.0,69444,199,65.36264537496027,1490,ok,,best_f2
0.040311742657140624,0.27914983533411525,0.7083675667757231,0.9943788645306352,0.12000542704022793,0.21416464891041162,0.13861057660407405,320,12972,10,1769,validation,history_catboost_bootstrap_search,history_bootstrap_indicator_cat_interactions,BootstrapCat_full_bernoulli_sub0.66,202,202,-1.0,Bernoulli,,0.66,Default,1.0,10.0,69444,199,65.36264537496027,1490,ok,,max_recall_precision_ge_0.12
0.06952025111946519,0.27914983533411525,0.7083675667757231,0.8718381112984823,0.15,0.2559617130126248,0.4016986265012275,4503,8789,228,1551,validation,history_catboost_bootstrap_search,history_bootstrap_indicator_cat_interactions,BootstrapCat_full_bernoulli_sub0.66,202,202,-1.0,Bernoulli,,0.66,Default,1.0,10.0,69444,199,65.36264537496027,1490,ok,,max_recall_precision_ge_0.15
0.10726805740431791,0.27914983533411525,0.7083675667757231,0.642495784148398,0.2,0.3050440352281825,0.6544356711565258,8720,4572,636,1143,validation,history_catboost_bootstrap_search,history_bootstrap_indicator_cat_interactions,BootstrapCat_full_bernoulli_sub0.66,202,202,-1.0,Bernoulli,,0.66,Default,1.0,10.0,69444,199,65.36264537496027,1490,ok,,max_recall_precision_ge_0.20
0.5,0.2356884144546089,0.6799124547328522,0.027522935779816515,0.5357142857142857,0.05235602094240838,0.890140275155112,13154,39,1590,45,test,history_catboost_bootstrap_search,history_bootstrap_indicator_cat_interactions,BootstrapCat_full_bernoulli_sub0.66,202,202,-1.0,Bernoulli,,0.66,Default,1.0,10.0,69444,199,65.36264537496027,1490,ok,,default_0.5
0.1313048923784121,0.2356884144546089,0.6799124547328522,0.4654434250764526,0.20662503393972306,0.2861978187288454,0.7439978419206906,10271,2922,874,761,test,history_catboost_bootstrap_search,history_bootstrap_indicator_cat_interactions,BootstrapCat_full_bernoulli_sub0.66,202,202,-1.0,Bernoulli,,0.66,Default,1.0,10.0,69444,199,65.36264537496027,1490,ok,,best_f1
0.07860241786188131,0.2356884144546089,0.6799124547328522,0.7877675840978593,0.14950667440510737,0.2513170731707317,0.4824656056110062,5866,7327,347,1288,test,history_catboost_bootstrap_search,history_bootstrap_indicator_cat_interactions,BootstrapCat_full_bernoulli_sub0.66,202,202,-1.0,Bernoulli,,0.66,Default,1.0,10.0,69444,199,65.36264537496027,1490,ok,,best_f2
0.05142621583091048,0.2356884144546089,0.6799124547328522,0.963302752293578,0.12,0.21341463414634146,0.21702185055300782,1643,11550,60,1575,test,history_catboost_bootstrap_search,history_bootstrap_indicator_cat_interactions,BootstrapCat_full_bernoulli_sub0.66,202,202,-1.0,Bernoulli,,0.66,Default,1.0,10.0,69444,199,65.36264537496027,1490,ok,,max_recall_precision_ge_0.12
0.07945541405792754,0.2356884144546089,0.6799124547328522,0.7798165137614679,0.15,0.25160335471139617,0.48846776369031564,5968,7225,360,1275,test,history_catboost_bootstrap_search,history_bootstrap_indicator_cat_interactions,BootstrapCat_full_bernoulli_sub0.66,202,202,-1.0,Bernoulli,,0.66,Default,1.0,10.0,69444,199,65.36264537496027,1490,ok,,max_recall_precision_ge_0.15
0.12640398940663927,0.2356884144546089,0.6799124547328522,0.4850152905198777,0.2,0.2832142857142857,0.7292959266253035,10021,3172,842,793,test,history_catboost_bootstrap_search,history_bootstrap_indicator_cat_interactions,BootstrapCat_full_bernoulli_sub0.66,202,202,-1.0,Bernoulli,,0.66,Default,1.0,10.0,69444,199,65.36264537496027,1490,ok,,max_recall_precision_ge_0.20
0.5,0.2803820117050163,0.7089454120590017,0.03653738055087127,0.5462184873949579,0.0684931506849315,0.8826886072589741,13238,54,1714,65,validation,history_catboost_bootstrap_search,history_bootstrap_indicator_cat_interactions,BootstrapCat_full_bernoulli_sub0.8,202,202,-1.0,Bernoulli,,0.8,Default,1.0,10.0,69444,199,58.18307829205878,1107,ok,,default_0.5
0.14621379851360122,0.2803820117050163,0.7089454120590017,0.44969083754918493,0.26507620941020543,0.3335417969564311,0.7878707451396723,11074,2218,979,800,validation,history_catboost_bootstrap_search,history_bootstrap_indicator_cat_interactions,BootstrapCat_full_bernoulli_sub0.8,202,202,-1.0,Bernoulli,,0.8,Default,1.0,10.0,69444,199,58.18307829205878,1107,ok,,best_f1
0.0981260433652771,0.2803820117050163,0.7089454120590017,0.7077009555930298,0.18963699352312094,0.29912093133760986,0.6085196735452193,7912,5380,520,1259,validation,history_catboost_bootstrap_search,history_bootstrap_indicator_cat_interactions,BootstrapCat_full_bernoulli_sub0.8,202,202,-1.0,Bernoulli,,0.8,Default,1.0,10.0,69444,199,58.18307829205878,1107,ok,,best_f2
0.04225635742121276,0.2803820117050163,0.7089454120590017,0.9955030916245081,0.12000271039436237,0.2141863699582754,0.13774799283391945,305,12987,8,1771,validation,history_catboost_bootstrap_search,history_bootstrap_indicator_cat_interactions,BootstrapCat_full_bernoulli_sub0.8,202,202,-1.0,Bernoulli,,0.8,Default,1.0,10.0,69444,199,58.18307829205878,1107,ok,,max_recall_precision_ge_0.12
0.0700691742528005,0.2803820117050163,0.7089454120590017,0.866779089376054,0.15,0.25574259888879675,0.40448543560480393,4554,8738,237,1542,validation,history_catboost_bootstrap_search,history_bootstrap_indicator_cat_interactions,BootstrapCat_full_bernoulli_sub0.8,202,202,-1.0,Bernoulli,,0.8,Default,1.0,10.0,69444,199,58.18307829205878,1107,ok,,max_recall_precision_ge_0.15
0.10569590819052246,0.2803820117050163,0.7089454120590017,0.65654862282181,0.2,0.30660191626197664,0.6494592263287108,8620,4672,611,1168,validation,history_catboost_bootstrap_search,history_bootstrap_indicator_cat_interactions,BootstrapCat_full_bernoulli_sub0.8,202,202,-1.0,Bernoulli,,0.8,Default,1.0,10.0,69444,199,58.18307829205878,1107,ok,,max_recall_precision_ge_0.20
0.5,0.23633802924246958,0.6809799284255782,0.024464831804281346,0.547945205479452,0.0468384074941452,0.8902077151335311,13160,33,1595,40,test,history_catboost_bootstrap_search,history_bootstrap_indicator_cat_interactions,BootstrapCat_full_bernoulli_sub0.8,202,202,-1.0,Bernoulli,,0.8,Default,1.0,10.0,69444,199,58.18307829205878,1107,ok,,default_0.5
0.1540368807667451,0.23633802924246958,0.6809799284255782,0.3730886850152905,0.23735408560311283,0.2901307966706302,0.7986916644186673,11233,1960,1025,610,test,history_catboost_bootstrap_search,history_bootstrap_indicator_cat_interactions,BootstrapCat_full_bernoulli_sub0.8,202,202,-1.0,Bernoulli,,0.8,Default,1.0,10.0,69444,199,58.18307829205878,1107,ok,,best_f1
0.09154368391900908,0.23633802924246958,0.6809799284255782,0.7076452599388379,0.16395068726087572,0.2662218131615278,0.5698678176422983,7293,5900,478,1157,test,history_catboost_bootstrap_search,history_bootstrap_indicator_cat_interactions,BootstrapCat_full_bernoulli_sub0.8,202,202,-1.0,Bernoulli,,0.8,Default,1.0,10.0,69444,199,58.18307829205878,1107,ok,,best_f2
0.05247921000338725,0.23633802924246958,0.6809799284255782,0.964525993883792,0.12000608781675672,0.21345425013535463,0.21621257081197734,1629,11564,58,1577,test,history_catboost_bootstrap_search,history_bootstrap_indicator_cat_interactions,BootstrapCat_full_bernoulli_sub0.8,202,202,-1.0,Bernoulli,,0.8,Default,1.0,10.0,69444,199,58.18307829205878,1107,ok,,max_recall_precision_ge_0.12
0.0804057848369529,0.23633802924246958,0.6809799284255782,0.7718654434250765,0.1500059431831689,0.25119426751592355,0.49258160237388726,6042,7151,373,1262,test,history_catboost_bootstrap_search,history_bootstrap_indicator_cat_interactions,BootstrapCat_full_bernoulli_sub0.8,202,202,-1.0,Bernoulli,,0.8,Default,1.0,10.0,69444,199,58.18307829205878,1107,ok,,max_recall_precision_ge_0.15
0.12536773144493216,0.23633802924246958,0.6809799284255782,0.491131498470948,0.2,0.2842477876106195,0.7272727272727273,9981,3212,832,803,test,history_catboost_bootstrap_search,history_bootstrap_indicator_cat_interactions,BootstrapCat_full_bernoulli_sub0.8,202,202,-1.0,Bernoulli,,0.8,Default,1.0,10.0,69444,199,58.18307829205878,1107,ok,,max_recall_precision_ge_0.20
0.5,0.2814519141004348,0.7093196751413361,0.041596402473299605,0.5606060606060606,0.07744636316064887,0.8830203702474951,13234,58,1705,74,validation,history_catboost_bootstrap_search,history_bootstrap_indicator_cat_interactions,BootstrapCat_full_bernoulli_sub0.9,202,202,-1.0,Bernoulli,,0.9,Default,1.0,10.0,69444,199,73.38615845795721,1475,ok,,default_0.5
0.15036636106066872,0.2814519141004348,0.7093196751413361,0.43732433951658234,0.2697642163661581,0.33369075702337553,0.7938424789330503,11186,2106,1001,778,validation,history_catboost_bootstrap_search,history_bootstrap_indicator_cat_interactions,BootstrapCat_full_bernoulli_sub0.9,202,202,-1.0,Bernoulli,,0.9,Default,1.0,10.0,69444,199,73.38615845795721,1475,ok,,best_f1
0.09468124861791587,0.2814519141004348,0.7093196751413361,0.7318718381112985,0.1848906560636183,0.2952046253259268,0.5874859000729878,7552,5740,477,1302,validation,history_catboost_bootstrap_search,history_bootstrap_indicator_cat_interactions,BootstrapCat_full_bernoulli_sub0.9,202,202,-1.0,Bernoulli,,0.9,Default,1.0,10.0,69444,199,73.38615845795721,1475,ok,,best_f2
0.040396356123175006,0.2814519141004348,0.7093196751413361,0.9949409780775716,0.12,0.21416903623933692,0.13814610842014466,312,12980,9,1770,validation,history_catboost_bootstrap_search,history_bootstrap_indicator_cat_interactions,BootstrapCat_full_bernoulli_sub0.9,202,202,-1.0,Bernoulli,,0.9,Default,1.0,10.0,69444,199,73.38615845795721,1475,ok,,max_recall_precision_ge_0.12
0.06913893551386531,0.2814519141004348,0.7093196751413361,0.8752107925801011,0.15,0.2561065877128053,0.3998407537655099,4469,8823,222,1557,validation,history_catboost_bootstrap_search,history_bootstrap_indicator_cat_interactions,BootstrapCat_full_bernoulli_sub0.9,202,202,-1.0,Bernoulli,,0.9,Default,1.0,10.0,69444,199,73.38615845795721,1475,ok,,max_recall_precision_ge_0.15
0.10573288069849547,0.2814519141004348,0.7093196751413361,0.6587970770095559,0.2,0.30684644586987825,0.6486629951562604,8604,4688,607,1172,validation,history_catboost_bootstrap_search,history_bootstrap_indicator_cat_interactions,BootstrapCat_full_bernoulli_sub0.9,202,202,-1.0,Bernoulli,,0.9,Default,1.0,10.0,69444,199,73.38615845795721,1475,ok,,max_recall_precision_ge_0.20
0.5,0.2383189209485436,0.6812226203730039,0.02996941896024465,0.5833333333333334,0.05700988947062245,0.8906797949824656,13158,35,1586,49,test,history_catboost_bootstrap_search,history_bootstrap_indicator_cat_interactions,BootstrapCat_full_bernoulli_sub0.9,202,202,-1.0,Bernoulli,,0.9,Default,1.0,10.0,69444,199,73.38615845795721,1475,ok,,default_0.5
0.13805099559738987,0.2383189209485436,0.6812226203730039,0.43730886850152906,0.21484375,0.28813217811807373,0.761734556244942,10580,2613,920,715,test,history_catboost_bootstrap_search,history_bootstrap_indicator_cat_interactions,BootstrapCat_full_bernoulli_sub0.9,202,202,-1.0,Bernoulli,,0.9,Default,1.0,10.0,69444,199,73.38615845795721,1475,ok,,best_f1
0.07704728459060767,0.2383189209485436,0.6812226203730039,0.8012232415902141,0.14783884437422412,0.2496189024390244,0.4688427299703264,5642,7551,325,1310,test,history_catboost_bootstrap_search,history_bootstrap_indicator_cat_interactions,BootstrapCat_full_bernoulli_sub0.9,202,202,-1.0,Bernoulli,,0.9,Default,1.0,10.0,69444,199,73.38615845795721,1475,ok,,best_f2
0.05179432238696787,0.2383189209485436,0.6812226203730039,0.9602446483180428,0.12000305740273638,0.2133442043755945,0.21917992986242243,1680,11513,65,1570,test,history_catboost_bootstrap_search,history_bootstrap_indicator_cat_interactions,BootstrapCat_full_bernoulli_sub0.9,202,202,-1.0,Bernoulli,,0.9,Default,1.0,10.0,69444,199,73.38615845795721,1475,ok,,max_recall_precision_ge_0.12
0.07948759355416887,0.2383189209485436,0.6812226203730039,0.7828746177370031,0.1500058596038908,0.25177025963808025,0.48691664418667385,5940,7253,355,1280,test,history_catboost_bootstrap_search,history_bootstrap_indicator_cat_interactions,BootstrapCat_full_bernoulli_sub0.9,202,202,-1.0,Bernoulli,,0.9,Default,1.0,10.0,69444,199,73.38615845795721,1475,ok,,max_recall_precision_ge_0.15
0.1254813035594511,0.2383189209485436,0.6812226203730039,0.4984709480122324,0.2,0.28546409807355516,0.7248448880496359,9933,3260,820,815,test,history_catboost_bootstrap_search,history_bootstrap_indicator_cat_interactions,BootstrapCat_full_bernoulli_sub0.9,202,202,-1.0,Bernoulli,,0.9,Default,1.0,10.0,69444,199,73.38615845795721,1475,ok,,max_recall_precision_ge_0.20
0.5,0.2834881680974963,0.7095836046212061,0.04272062956717257,0.5757575757575758,0.07953950811093669,0.883285780638312,13236,56,1703,76,validation,history_catboost_bootstrap_search,history_bootstrap_indicator_cat_interactions,BootstrapCat_full_mvs_sub0.8,202,202,-1.0,MVS,,0.8,Default,1.0,10.0,69444,199,69.4931636248948,1436,ok,,default_0.5
0.15955575797573193,0.2834881680974963,0.7095836046212061,0.40415964024733,0.28273692489186003,0.3327163350300787,0.8086391082210869,11468,1824,1060,719,validation,history_catboost_bootstrap_search,history_bootstrap_indicator_cat_interactions,BootstrapCat_full_mvs_sub0.8,202,202,-1.0,MVS,,0.8,Default,1.0,10.0,69444,199,69.4931636248948,1436,ok,,best_f1
0.09196539271798057,0.2834881680974963,0.7095836046212061,0.7453625632377741,0.1818431157432803,0.2923602689890861,0.5740826753367394,7326,5966,453,1326,validation,history_catboost_bootstrap_search,history_bootstrap_indicator_cat_interactions,BootstrapCat_full_mvs_sub0.8,202,202,-1.0,MVS,,0.8,Default,1.0,10.0,69444,199,69.4931636248948,1436,ok,,best_f2
0.04086609837667068,0.2834881680974963,0.7095836046212061,0.9949409780775716,0.12,0.21416903623933692,0.13814610842014466,312,12980,9,1770,validation,history_catboost_bootstrap_search,history_bootstrap_indicator_cat_interactions,BootstrapCat_full_mvs_sub0.8,202,202,-1.0,MVS,,0.8,Default,1.0,10.0,69444,199,69.4931636248948,1436,ok,,max_recall_precision_ge_0.12
0.06993390931919041,0.2834881680974963,0.7095836046212061,0.8684654300168634,0.15,0.25581587879791373,0.40355649923694514,4537,8755,234,1545,validation,history_catboost_bootstrap_search,history_bootstrap_indicator_cat_interactions,BootstrapCat_full_mvs_sub0.8,202,202,-1.0,MVS,,0.8,Default,1.0,10.0,69444,199,69.4931636248948,1436,ok,,max_recall_precision_ge_0.15
0.10511495901611945,0.2834881680974963,0.7095836046212061,0.6616076447442384,0.2,0.3071503131524008,0.6476677061906974,8584,4708,602,1177,validation,history_catboost_bootstrap_search,history_bootstrap_indicator_cat_interactions,BootstrapCat_full_mvs_sub0.8,202,202,-1.0,MVS,,0.8,Default,1.0,10.0,69444,199,69.4931636248948,1436,ok,,max_recall_precision_ge_0.20
0.5,0.23710341553405023,0.6823809123131046,0.028134556574923548,0.5822784810126582,0.05367561260210035,0.8906123550040465,13160,33,1589,46,test,history_catboost_bootstrap_search,history_bootstrap_indicator_cat_interactions,BootstrapCat_full_mvs_sub0.8,202,202,-1.0,MVS,,0.8,Default,1.0,10.0,69444,199,69.4931636248948,1436,ok,,default_0.5
0.14094584555790501,0.23710341553405023,0.6823809123131046,0.42691131498470947,0.22067657287385395,0.2909545644018341,0.7705691934178581,10728,2465,937,698,test,history_catboost_bootstrap_search,history_bootstrap_indicator_cat_interactions,BootstrapCat_full_mvs_sub0.8,202,202,-1.0,MVS,,0.8,Default,1.0,10.0,69444,199,69.4931636248948,1436,ok,,best_f1
0.08913381734239062,0.23710341553405023,0.6823809123131046,0.7223241590214067,0.16173651054505614,0.2642945059863489,0.5565821418937146,7072,6121,454,1181,test,history_catboost_bootstrap_search,history_bootstrap_indicator_cat_interactions,BootstrapCat_full_mvs_sub0.8,202,202,-1.0,MVS,,0.8,Default,1.0,10.0,69444,199,69.4931636248948,1436,ok,,best_f2
0.05209610390361963,0.23710341553405023,0.6823809123131046,0.9602446483180428,0.12000305740273638,0.2133442043755945,0.21917992986242243,1680,11513,65,1570,test,history_catboost_bootstrap_search,history_bootstrap_indicator_cat_interactions,BootstrapCat_full_mvs_sub0.8,202,202,-1.0,MVS,,0.8,Default,1.0,10.0,69444,199,69.4931636248948,1436,ok,,max_recall_precision_ge_0.12
0.07970419905111951,0.23710341553405023,0.6823809123131046,0.7755351681957187,0.1500059150597421,0.2513877874702617,0.49069328297814946,6008,7185,367,1268,test,history_catboost_bootstrap_search,history_bootstrap_indicator_cat_interactions,BootstrapCat_full_mvs_sub0.8,202,202,-1.0,MVS,,0.8,Default,1.0,10.0,69444,199,69.4931636248948,1436,ok,,max_recall_precision_ge_0.15
0.12490805208897597,0.23710341553405023,0.6823809123131046,0.5003058103975535,0.2,0.28576419213973797,0.724237928243863,9921,3272,817,818,test,history_catboost_bootstrap_search,history_bootstrap_indicator_cat_interactions,BootstrapCat_full_mvs_sub0.8,202,202,-1.0,MVS,,0.8,Default,1.0,10.0,69444,199,69.4931636248948,1436,ok,,max_recall_precision_ge_0.20
0.5,0.2836185336841349,0.7098661838207719,0.045531197301854974,0.5785714285714286,0.08441896821261073,0.8834184858337204,13233,59,1698,81,validation,history_catboost_bootstrap_search,history_bootstrap_indicator_cat_interactions,BootstrapCat_full_mvs_sub0.9,202,202,-1.0,MVS,,0.9,Default,1.0,10.0,69444,199,73.6105871249456,1499,ok,,default_0.5
0.15016492729820974,0.2836185336841349,0.7098661838207719,0.4390106801573918,0.2707105719237435,0.33490566037735847,0.7941742419215713,11188,2104,998,781,validation,history_catboost_bootstrap_search,history_bootstrap_indicator_cat_interactions,BootstrapCat_full_mvs_sub0.9,202,202,-1.0,MVS,,0.9,Default,1.0,10.0,69444,199,73.6105871249456,1499,ok,,best_f1
0.09369814290159348,0.2836185336841349,0.7098661838207719,0.7329960652051715,0.18384322571549416,0.2939585211902615,0.5843673279808904,7503,5789,475,1304,validation,history_catboost_bootstrap_search,history_bootstrap_indicator_cat_interactions,BootstrapCat_full_mvs_sub0.9,202,202,-1.0,MVS,,0.9,Default,1.0,10.0,69444,199,73.6105871249456,1499,ok,,best_f2
0.04046604307979725,0.2836185336841349,0.7098661838207719,0.9949409780775716,0.12,0.21416903623933692,0.13814610842014466,312,12980,9,1770,validation,history_catboost_bootstrap_search,history_bootstrap_indicator_cat_interactions,BootstrapCat_full_mvs_sub0.9,202,202,-1.0,MVS,,0.9,Default,1.0,10.0,69444,199,73.6105871249456,1499,ok,,max_recall_precision_ge_0.12
0.06919103833280613,0.2836185336841349,0.7098661838207719,0.8763350196739741,0.15000481093043394,0.256161682550115,0.39924358038617214,4458,8834,220,1559,validation,history_catboost_bootstrap_search,history_bootstrap_indicator_cat_interactions,BootstrapCat_full_mvs_sub0.9,202,202,-1.0,MVS,,0.9,Default,1.0,10.0,69444,199,73.6105871249456,1499,ok,,max_recall_precision_ge_0.15
0.10524536669527275,0.2836185336841349,0.7098661838207719,0.6571107363687465,0.2,0.30666316894018886,0.6492601685355982,8616,4676,610,1169,validation,history_catboost_bootstrap_search,history_bootstrap_indicator_cat_interactions,BootstrapCat_full_mvs_sub0.9,202,202,-1.0,MVS,,0.9,Default,1.0,10.0,69444,199,73.6105871249456,1499,ok,,max_recall_precision_ge_0.20
0.5,0.23652356669755556,0.682921973959409,0.02996941896024465,0.5833333333333334,0.05700988947062245,0.8906797949824656,13158,35,1586,49,test,history_catboost_bootstrap_search,history_bootstrap_indicator_cat_interactions,BootstrapCat_full_mvs_sub0.9,202,202,-1.0,MVS,,0.9,Default,1.0,10.0,69444,199,73.6105871249456,1499,ok,,default_0.5
0.14893745170934247,0.23652356669755556,0.682921973959409,0.3944954128440367,0.23101719197707737,0.2913937203523831,0.788440787698948,11046,2147,990,645,test,history_catboost_bootstrap_search,history_bootstrap_indicator_cat_interactions,BootstrapCat_full_mvs_sub0.9,202,202,-1.0,MVS,,0.9,Default,1.0,10.0,69444,199,73.6105871249456,1499,ok,,best_f1
0.08245505693624636,0.23652356669755556,0.682921973959409,0.763914373088685,0.15391250770178683,0.2562051282051282,0.5109252765039115,6327,6866,386,1249,test,history_catboost_bootstrap_search,history_bootstrap_indicator_cat_interactions,BootstrapCat_full_mvs_sub0.9,202,202,-1.0,MVS,,0.9,Default,1.0,10.0,69444,199,73.6105871249456,1499,ok,,best_f2
0.051680601258409696,0.23652356669755556,0.682921973959409,0.962691131498471,0.12000609942055505,0.21340926038912617,0.21749393040194226,1651,11542,61,1574,test,history_catboost_bootstrap_search,history_bootstrap_indicator_cat_interactions,BootstrapCat_full_mvs_sub0.9,202,202,-1.0,MVS,,0.9,Default,1.0,10.0,69444,199,73.6105871249456,1499,ok,,max_recall_precision_ge_0.12
0.07938745299932916,0.23652356669755556,0.682921973959409,0.7798165137614679,0.15,0.25160335471139617,0.48846776369031564,5968,7225,360,1275,test,history_catboost_bootstrap_search,history_bootstrap_indicator_cat_interactions,BootstrapCat_full_mvs_sub0.9,202,202,-1.0,MVS,,0.9,Default,1.0,10.0,69444,199,73.6105871249456,1499,ok,,max_recall_precision_ge_0.15
0.1253511876918104,0.23652356669755556,0.682921973959409,0.4966360856269113,0.2,0.2851624231782265,0.7254518478554087,9945,3248,823,812,test,history_catboost_bootstrap_search,history_bootstrap_indicator_cat_interactions,BootstrapCat_full_mvs_sub0.9,202,202,-1.0,MVS,,0.9,Default,1.0,10.0,69444,199,73.6105871249456,1499,ok,,max_recall_precision_ge_0.20
0.5,0.28160163723422876,0.7094805025427053,0.035975267003934795,0.5663716814159292,0.06765327695560254,0.882954017649791,13243,49,1715,64,validation,history_catboost_bootstrap_search,history_bootstrap_indicator_cat_interactions,BootstrapCat_full_no_bootstrap,202,202,-1.0,No,,,Default,1.0,10.0,69444,199,51.52379241702147,880,ok,,default_0.5
0.14943990733470097,0.28160163723422876,0.7094805025427053,0.4418212478920742,0.2680763983628922,0.3336871152621524,0.7917191958065158,11146,2146,993,786,validation,history_catboost_bootstrap_search,history_bootstrap_indicator_cat_interactions,BootstrapCat_full_no_bootstrap,202,202,-1.0,No,,,Default,1.0,10.0,69444,199,51.52379241702147,880,ok,,best_f1
0.0946749533265484,0.28160163723422876,0.7094805025427053,0.7341202922990444,0.18569600454997867,0.29641398093508853,0.5886138942339593,7565,5727,473,1306,validation,history_catboost_bootstrap_search,history_bootstrap_indicator_cat_interactions,BootstrapCat_full_no_bootstrap,202,202,-1.0,No,,,Default,1.0,10.0,69444,199,51.52379241702147,880,ok,,best_f2
0.04416563624830693,0.28160163723422876,0.7094805025427053,0.9966273187183811,0.12,0.21420804639362087,0.13688540906376484,290,13002,6,1773,validation,history_catboost_bootstrap_search,history_bootstrap_indicator_cat_interactions,BootstrapCat_full_no_bootstrap,202,202,-1.0,No,,,Default,1.0,10.0,69444,199,51.52379241702147,880,ok,,max_recall_precision_ge_0.12
0.07054021397461455,0.28160163723422876,0.7094805025427053,0.8695896571107363,0.15000484824978183,0.2558716506781343,0.4029593258576073,4526,8766,232,1547,validation,history_catboost_bootstrap_search,history_bootstrap_indicator_cat_interactions,BootstrapCat_full_no_bootstrap,202,202,-1.0,No,,,Default,1.0,10.0,69444,199,51.52379241702147,880,ok,,max_recall_precision_ge_0.15
0.10464914924810109,0.28160163723422876,0.7094805025427053,0.6683530073074762,0.2,0.3078715691351631,0.6452790126733462,8536,4756,590,1189,validation,history_catboost_bootstrap_search,history_bootstrap_indicator_cat_interactions,BootstrapCat_full_no_bootstrap,202,202,-1.0,No,,,Default,1.0,10.0,69444,199,51.52379241702147,880,ok,,max_recall_precision_ge_0.20
0.5,0.23488749173380813,0.6809203564766878,0.02018348623853211,0.5076923076923077,0.03882352941176471,0.8898030752630159,13161,32,1602,33,test,history_catboost_bootstrap_search,history_bootstrap_indicator_cat_interactions,BootstrapCat_full_no_bootstrap,202,202,-1.0,No,,,Default,1.0,10.0,69444,199,51.52379241702147,880,ok,,default_0.5
0.12972297635692057,0.23488749173380813,0.6809203564766878,0.4782874617737003,0.2073720498541501,0.2893081761006289,0.7408956029134071,10204,2989,853,782,test,history_catboost_bootstrap_search,history_bootstrap_indicator_cat_interactions,BootstrapCat_full_no_bootstrap,202,202,-1.0,No,,,Default,1.0,10.0,69444,199,51.52379241702147,880,ok,,best_f1
0.0838513717754776,0.23488749173380813,0.6809203564766878,0.7547400611620795,0.15436577433074805,0.2563090663620314,0.5170623145400594,6433,6760,401,1234,test,history_catboost_bootstrap_search,history_bootstrap_indicator_cat_interactions,BootstrapCat_full_no_bootstrap,202,202,-1.0,No,,,Default,1.0,10.0,69444,199,51.52379241702147,880,ok,,best_f2
0.053819544180578556,0.23488749173380813,0.6809203564766878,0.9657492354740062,0.1200030399756802,0.21347934834043128,0.21533585109252765,1614,11579,56,1579,test,history_catboost_bootstrap_search,history_bootstrap_indicator_cat_interactions,BootstrapCat_full_no_bootstrap,202,202,-1.0,No,,,Default,1.0,10.0,69444,199,51.52379241702147,880,ok,,max_recall_precision_ge_0.12
0.08039327757544922,0.23488749173380813,0.6809203564766878,0.7730886850152905,0.15001186802753383,0.2512672696551039,0.49197464256811435,6031,7162,371,1264,test,history_catboost_bootstrap_search,history_bootstrap_indicator_cat_interactions,BootstrapCat_full_no_bootstrap,202,202,-1.0,No,,,Default,1.0,10.0,69444,199,51.52379241702147,880,ok,,max_recall_precision_ge_0.15
0.1242977357058006,0.23488749173380813,0.6809203564766878,0.5051987767584097,0.2,0.2865568083261058,0.722619368761802,9889,3304,809,826,test,history_catboost_bootstrap_search,history_bootstrap_indicator_cat_interactions,BootstrapCat_full_no_bootstrap,202,202,-1.0,No,,,Default,1.0,10.0,69444,199,51.52379241702147,880,ok,,max_recall_precision_ge_0.20
0.5,0.2820525097522645,0.7085346107503243,0.039910061832490164,0.5867768595041323,0.07473684210526316,0.8833521332360161,13242,50,1708,71,validation,history_catboost_bootstrap_search,history_bootstrap_indicator_cat_interactions,BootstrapCat_full_ordered_boosting,202,202,-1.0,Default,,,Ordered,1.0,10.0,69444,199,152.02521666698158,1491,ok,,default_0.5
0.14761128114921154,0.2820525097522645,0.7085346107503243,0.42833052276559863,0.2711743772241993,0.3320984964044454,0.7966292880366266,11244,2048,1017,762,validation,history_catboost_bootstrap_search,history_bootstrap_indicator_cat_interactions,BootstrapCat_full_ordered_boosting,202,202,-1.0,Default,,,Ordered,1.0,10.0,69444,199,152.02521666698158,1491,ok,,best_f1
0.09710619469879961,0.2820525097522645,0.7085346107503243,0.7116357504215851,0.18957771787960467,0.29939694927279176,0.6068608586026143,7880,5412,513,1266,validation,history_catboost_bootstrap_search,history_bootstrap_indicator_cat_interactions,BootstrapCat_full_ordered_boosting,202,202,-1.0,Default,,,Ordered,1.0,10.0,69444,199,152.02521666698158,1491,ok,,best_f2
0.0425003215408836,0.2820525097522645,0.7085346107503243,0.9938167509836987,0.12000271499355189,0.21414728682170542,0.13900869219029924,327,12965,11,1768,validation,history_catboost_bootstrap_search,history_bootstrap_indicator_cat_interactions,BootstrapCat_full_ordered_boosting,202,202,-1.0,Default,,,Ordered,1.0,10.0,69444,199,152.02521666698158,1491,ok,,max_recall_precision_ge_0.12
0.07253924699125798,0.2820525097522645,0.7085346107503243,0.8740865654862282,0.1500096469226317,0.25607245780156446,0.4005042797425519,4481,8811,224,1555,validation,history_catboost_bootstrap_search,history_bootstrap_indicator_cat_interactions,BootstrapCat_full_ordered_boosting,202,202,-1.0,Default,,,Ordered,1.0,10.0,69444,199,152.02521666698158,1491,ok,,max_recall_precision_ge_0.15
0.10472940806449935,0.2820525097522645,0.7085346107503243,0.6514896008993817,0.2,0.3060470029046739,0.6512507464667242,8656,4636,620,1159,validation,history_catboost_bootstrap_search,history_bootstrap_indicator_cat_interactions,BootstrapCat_full_ordered_boosting,202,202,-1.0,Default,,,Ordered,1.0,10.0,69444,199,152.02521666698158,1491,ok,,max_recall_precision_ge_0.20
0.5,0.2334180396725896,0.6821208355556915,0.025688073394495414,0.5384615384615384,0.04903677758318739,0.890140275155112,13157,36,1593,42,test,history_catboost_bootstrap_search,history_bootstrap_indicator_cat_interactions,BootstrapCat_full_ordered_boosting,202,202,-1.0,Default,,,Ordered,1.0,10.0,69444,199,152.02521666698158,1491,ok,,default_0.5
0.14604635529408114,0.2334180396725896,0.6821208355556915,0.38654434250764524,0.22973464194838242,0.28818969448244414,0.789452387375236,11074,2119,1003,632,test,history_catboost_bootstrap_search,history_bootstrap_indicator_cat_interactions,BootstrapCat_full_ordered_boosting,202,202,-1.0,Default,,,Ordered,1.0,10.0,69444,199,152.02521666698158,1491,ok,,best_f1
0.07892976476176733,0.2334180396725896,0.6821208355556915,0.8061162079510703,0.1479901190208848,0.25007115074471115,0.4668869705961694,5605,7588,317,1318,test,history_catboost_bootstrap_search,history_bootstrap_indicator_cat_interactions,BootstrapCat_full_ordered_boosting,202,202,-1.0,Default,,,Ordered,1.0,10.0,69444,199,152.02521666698158,1491,ok,,best_f2
0.055755320124554114,0.2334180396725896,0.6821208355556915,0.9565749235474006,0.12000306913220286,0.21325334060539952,0.2217426490423523,1724,11469,71,1564,test,history_catboost_bootstrap_search,history_bootstrap_indicator_cat_interactions,BootstrapCat_full_ordered_boosting,202,202,-1.0,Default,,,Ordered,1.0,10.0,69444,199,152.02521666698158,1491,ok,,max_recall_precision_ge_0.12
0.08137386415474707,0.2334180396725896,0.6821208355556915,0.7828746177370031,0.1500058596038908,0.25177025963808025,0.48691664418667385,5940,7253,355,1280,test,history_catboost_bootstrap_search,history_bootstrap_indicator_cat_interactions,BootstrapCat_full_ordered_boosting,202,202,-1.0,Default,,,Ordered,1.0,10.0,69444,199,152.02521666698158,1491,ok,,max_recall_precision_ge_0.15
0.12296658077667978,0.2334180396725896,0.6821208355556915,0.490519877675841,0.2,0.2841452612931798,0.727475047207985,9985,3208,833,802,test,history_catboost_bootstrap_search,history_bootstrap_indicator_cat_interactions,BootstrapCat_full_ordered_boosting,202,202,-1.0,Default,,,Ordered,1.0,10.0,69444,199,152.02521666698158,1491,ok,,max_recall_precision_ge_0.20
0.5,0.28787231926588125,0.7109012644087057,0.05227655986509275,0.6038961038961039,0.09622348680807036,0.8840820118107624,13231,61,1686,93,validation,history_catboost_bootstrap_search,history_bootstrap_indicator_cat_interactions,BootstrapCat_ratio75_default_row37_model37,37,37,7.5,Default,,,Default,1.0,10.0,67150,199,69.10628658393398,1498,ok,,default_0.5
0.16954622391442753,0.28787231926588125,0.7109012644087057,0.4052838673412029,0.28252351097178685,0.33294851073655046,0.8083073452325659,11461,1831,1058,721,validation,history_catboost_bootstrap_search,history_bootstrap_indicator_cat_interactions,BootstrapCat_ratio75_default_row37_model37,37,37,7.5,Default,,,Default,1.0,10.0,67150,199,69.10628658393398,1498,ok,,best_f1
0.10293048934832273,0.28787231926588125,0.7109012644087057,0.7223159078133783,0.18800292611558156,0.2983515207801254,0.5989648994758144,7742,5550,494,1285,validation,history_catboost_bootstrap_search,history_bootstrap_indicator_cat_interactions,BootstrapCat_ratio75_default_row37_model37,37,37,7.5,Default,,,Default,1.0,10.0,67150,199,69.10628658393398,1498,ok,,best_f2
0.041477345094069425,0.28787231926588125,0.7109012644087057,0.9960652051714446,0.12000541785182176,0.21420368691447567,0.13734987724769424,298,12994,7,1772,validation,history_catboost_bootstrap_search,history_bootstrap_indicator_cat_interactions,BootstrapCat_ratio75_default_row37_model37,37,37,7.5,Default,,,Default,1.0,10.0,67150,199,69.10628658393398,1498,ok,,max_recall_precision_ge_0.12
0.07352655834738489,0.28787231926588125,0.7109012644087057,0.8740865654862282,0.1500096469226317,0.25607245780156446,0.4005042797425519,4481,8811,224,1555,validation,history_catboost_bootstrap_search,history_bootstrap_indicator_cat_interactions,BootstrapCat_ratio75_default_row37_model37,37,37,7.5,Default,,,Default,1.0,10.0,67150,199,69.10628658393398,1498,ok,,max_recall_precision_ge_0.15
0.11358223525768725,0.28787231926588125,0.7109012644087057,0.6526138279932546,0.2,0.3061708860759494,0.6508526308804989,8648,4644,618,1161,validation,history_catboost_bootstrap_search,history_bootstrap_indicator_cat_interactions,BootstrapCat_ratio75_default_row37_model37,37,37,7.5,Default,,,Default,1.0,10.0,67150,199,69.10628658393398,1498,ok,,max_recall_precision_ge_0.20
0.5,0.24140584070101836,0.6827043624978588,0.03363914373088685,0.5670103092783505,0.06351039260969978,0.8906123550040465,13151,42,1580,55,test,history_catboost_bootstrap_search,history_bootstrap_indicator_cat_interactions,BootstrapCat_ratio75_default_row37_model37,37,37,7.5,Default,,,Default,1.0,10.0,67150,199,69.10628658393398,1498,ok,,default_0.5
0.15227153062333476,0.24140584070101836,0.6827043624978588,0.42262996941896025,0.22225796075908652,0.29131534569983136,0.7732667925546264,10775,2418,944,691,test,history_catboost_bootstrap_search,history_bootstrap_indicator_cat_interactions,BootstrapCat_ratio75_default_row37_model37,37,37,7.5,Default,,,Default,1.0,10.0,67150,199,69.10628658393398,1498,ok,,best_f1
0.09042792892252009,0.24140584070101836,0.6827043624978588,0.7486238532110092,0.15636177823198774,0.25869174680333934,0.5269085513892635,6589,6604,411,1224,test,history_catboost_bootstrap_search,history_bootstrap_indicator_cat_interactions,BootstrapCat_ratio75_default_row37_model37,37,37,7.5,Default,,,Default,1.0,10.0,67150,199,69.10628658393398,1498,ok,,best_f2
0.05537512656759607,0.24140584070101836,0.6827043624978588,0.9559633027522936,0.12,0.21323328785811732,0.22214728891286756,1731,11462,72,1563,test,history_catboost_bootstrap_search,history_bootstrap_indicator_cat_interactions,BootstrapCat_ratio75_default_row37_model37,37,37,7.5,Default,,,Default,1.0,10.0,67150,199,69.10628658393398,1498,ok,,max_recall_precision_ge_0.12
0.0850695848941312,0.24140584070101836,0.6827043624978588,0.7749235474006116,0.15001183992422448,0.25136395198889,0.4910304828702455,6014,7179,368,1267,test,history_catboost_bootstrap_search,history_bootstrap_indicator_cat_interactions,BootstrapCat_ratio75_default_row37_model37,37,37,7.5,Default,,,Default,1.0,10.0,67150,199,69.10628658393398,1498,ok,,max_recall_precision_ge_0.15
0.13160744460093687,0.24140584070101836,0.6827043624978588,0.5131498470948013,0.2,0.2878216123499142,0.7199892096034529,9837,3356,796,839,test,history_catboost_bootstrap_search,history_bootstrap_indicator_cat_interactions,BootstrapCat_ratio75_default_row37_model37,37,37,7.5,Default,,,Default,1.0,10.0,67150,199,69.10628658393398,1498,ok,,max_recall_precision_ge_0.20
0.5,0.28619537591117494,0.7110346881403176,0.05227655986509275,0.5849056603773585,0.09597523219814241,0.8837502488222414,13226,66,1686,93,validation,history_catboost_bootstrap_search,history_bootstrap_indicator_cat_interactions,BootstrapCat_ratio75_bayesian_temp0,37,37,7.5,Bayesian,0.0,,Default,1.0,10.0,67150,199,73.343423500075,1297,ok,,default_0.5
0.15901448169931653,0.28619537591117494,0.7110346881403176,0.4451939291736931,0.2682018286488317,0.33474218089602703,0.791122022427178,11131,2161,987,792,validation,history_catboost_bootstrap_search,history_bootstrap_indicator_cat_interactions,BootstrapCat_ratio75_bayesian_temp0,37,37,7.5,Bayesian,0.0,,Default,1.0,10.0,67150,199,73.343423500075,1297,ok,,best_f1
0.10098322306633041,0.28619537591117494,0.7110346881403176,0.7318718381112985,0.18426266628927257,0.2944036178631996,0.5858934377280871,7528,5764,477,1302,validation,history_catboost_bootstrap_search,history_bootstrap_indicator_cat_interactions,BootstrapCat_ratio75_bayesian_temp0,37,37,7.5,Bayesian,0.0,,Default,1.0,10.0,67150,199,73.343423500075,1297,ok,,best_f2
0.04256201905837627,0.28619537591117494,0.7110346881403176,0.9949409780775716,0.12,0.21416903623933692,0.13814610842014466,312,12980,9,1770,validation,history_catboost_bootstrap_search,history_bootstrap_indicator_cat_interactions,BootstrapCat_ratio75_bayesian_temp0,37,37,7.5,Bayesian,0.0,,Default,1.0,10.0,67150,199,73.343423500075,1297,ok,,max_recall_precision_ge_0.12
0.0730404788741651,0.28619537591117494,0.7110346881403176,0.8780213603147836,0.15000480169019495,0.25623359580052496,0.3983146440183133,4441,8851,217,1562,validation,history_catboost_bootstrap_search,history_bootstrap_indicator_cat_interactions,BootstrapCat_ratio75_bayesian_temp0,37,37,7.5,Bayesian,0.0,,Default,1.0,10.0,67150,199,73.343423500075,1297,ok,,max_recall_precision_ge_0.15
0.1126987461470498,0.28619537591117494,0.7110346881403176,0.6616076447442384,0.2,0.3071503131524008,0.6476677061906974,8584,4708,602,1177,validation,history_catboost_bootstrap_search,history_bootstrap_indicator_cat_interactions,BootstrapCat_ratio75_bayesian_temp0,37,37,7.5,Bayesian,0.0,,Default,1.0,10.0,67150,199,73.343423500075,1297,ok,,max_recall_precision_ge_0.20
0.5,0.23952449403074408,0.6819319669799873,0.03547400611620795,0.5631067961165048,0.0667433831990794,0.8906123550040465,13148,45,1577,58,test,history_catboost_bootstrap_search,history_bootstrap_indicator_cat_interactions,BootstrapCat_ratio75_bayesian_temp0,37,37,7.5,Bayesian,0.0,,Default,1.0,10.0,67150,199,73.343423500075,1297,ok,,default_0.5
0.15567795338894636,0.23952449403074408,0.6819319669799873,0.40611620795107034,0.2262350936967632,0.29059080962800876,0.7813595899649312,10922,2271,971,664,test,history_catboost_bootstrap_search,history_bootstrap_indicator_cat_interactions,BootstrapCat_ratio75_bayesian_temp0,37,37,7.5,Bayesian,0.0,,Default,1.0,10.0,67150,199,73.343423500075,1297,ok,,best_f1
0.07980411327711812,0.23952449403074408,0.6819319669799873,0.8116207951070337,0.14572809136832857,0.24709058746857834,0.45461289452387377,5414,7779,308,1327,test,history_catboost_bootstrap_search,history_bootstrap_indicator_cat_interactions,BootstrapCat_ratio75_bayesian_temp0,37,37,7.5,Bayesian,0.0,,Default,1.0,10.0,67150,199,73.343423500075,1297,ok,,best_f2
0.0547729006073115,0.23952449403074408,0.6819319669799873,0.963914373088685,0.1200030457625828,0.2134344528710726,0.2166172106824926,1636,11557,59,1576,test,history_catboost_bootstrap_search,history_bootstrap_indicator_cat_interactions,BootstrapCat_ratio75_bayesian_temp0,37,37,7.5,Bayesian,0.0,,Default,1.0,10.0,67150,199,73.343423500075,1297,ok,,max_recall_precision_ge_0.12
0.08553589049820319,0.23952449403074408,0.6819319669799873,0.7688073394495413,0.15,0.2510234648027958,0.494132721877529,6070,7123,378,1257,test,history_catboost_bootstrap_search,history_bootstrap_indicator_cat_interactions,BootstrapCat_ratio75_bayesian_temp0,37,37,7.5,Bayesian,0.0,,Default,1.0,10.0,67150,199,73.343423500075,1297,ok,,max_recall_precision_ge_0.15
0.13407383814715398,0.23952449403074408,0.6819319669799873,0.4966360856269113,0.2,0.2851624231782265,0.7254518478554087,9945,3248,823,812,test,history_catboost_bootstrap_search,history_bootstrap_indicator_cat_interactions,BootstrapCat_ratio75_bayesian_temp0,37,37,7.5,Bayesian,0.0,,Default,1.0,10.0,67150,199,73.343423500075,1297,ok,,max_recall_precision_ge_0.20
0.5,0.2866297277638514,0.7099914879465298,0.05396290050590219,0.6,0.09902011346054668,0.8840820118107624,13228,64,1683,96,validation,history_catboost_bootstrap_search,history_bootstrap_indicator_cat_interactions,BootstrapCat_ratio75_bayesian_temp0.5,37,37,7.5,Bayesian,0.5,,Default,1.0,10.0,67150,199,72.61885316600092,1280,ok,,default_0.5
0.16422198823185383,0.2866297277638514,0.7099914879465298,0.42214727374929734,0.2771217712177122,0.3345956783247939,0.8018047906575543,11333,1959,1028,751,validation,history_catboost_bootstrap_search,history_bootstrap_indicator_cat_interactions,BootstrapCat_ratio75_bayesian_temp0.5,37,37,7.5,Bayesian,0.5,,Default,1.0,10.0,67150,199,72.61885316600092,1280,ok,,best_f1
0.10068283014176455,0.2866297277638514,0.7099914879465298,0.7352445193929174,0.1855582352106682,0.29632985953783414,0.5878176630615088,7551,5741,471,1308,validation,history_catboost_bootstrap_search,history_bootstrap_indicator_cat_interactions,BootstrapCat_ratio75_bayesian_temp0.5,37,37,7.5,Bayesian,0.5,,Default,1.0,10.0,67150,199,72.61885316600092,1280,ok,,best_f2
0.043234793993445646,0.2866297277638514,0.7099914879465298,0.9960652051714446,0.12000541785182176,0.21420368691447567,0.13734987724769424,298,12994,7,1772,validation,history_catboost_bootstrap_search,history_bootstrap_indicator_cat_interactions,BootstrapCat_ratio75_bayesian_temp0.5,37,37,7.5,Bayesian,0.5,,Default,1.0,10.0,67150,199,72.61885316600092,1280,ok,,max_recall_precision_ge_0.12
0.07449032514310308,0.2866297277638514,0.7099914879465298,0.8645306351883081,0.15000487662147663,0.2556515957446808,0.4057461349611837,4577,8715,241,1538,validation,history_catboost_bootstrap_search,history_bootstrap_indicator_cat_interactions,BootstrapCat_ratio75_bayesian_temp0.5,37,37,7.5,Bayesian,0.5,,Default,1.0,10.0,67150,199,72.61885316600092,1280,ok,,max_recall_precision_ge_0.15
0.11228373362504217,0.2866297277638514,0.7099914879465298,0.657672849915683,0.2,0.30672434132913884,0.6490611107424855,8612,4680,609,1170,validation,history_catboost_bootstrap_search,history_bootstrap_indicator_cat_interactions,BootstrapCat_ratio75_bayesian_temp0.5,37,37,7.5,Bayesian,0.5,,Default,1.0,10.0,67150,199,72.61885316600092,1280,ok,,max_recall_precision_ge_0.20
0.5,0.23936774691588966,0.6808622680315828,0.036085626911314984,0.6020408163265306,0.06809001731102135,0.8910844348529808,13154,39,1576,59,test,history_catboost_bootstrap_search,history_bootstrap_indicator_cat_interactions,BootstrapCat_ratio75_bayesian_temp0.5,37,37,7.5,Bayesian,0.5,,Default,1.0,10.0,67150,199,72.61885316600092,1280,ok,,default_0.5
0.1426553077910826,0.23936774691588966,0.6808622680315828,0.45504587155963305,0.21178479931682323,0.289044289044289,0.7531696789857028,10424,2769,891,744,test,history_catboost_bootstrap_search,history_bootstrap_indicator_cat_interactions,BootstrapCat_ratio75_bayesian_temp0.5,37,37,7.5,Bayesian,0.5,,Default,1.0,10.0,67150,199,72.61885316600092,1280,ok,,best_f1
0.0974272299213359,0.23936774691588966,0.6808622680315828,0.7064220183486238,0.16389953171562366,0.26606772633033865,0.5702724575128136,7301,5892,480,1155,test,history_catboost_bootstrap_search,history_bootstrap_indicator_cat_interactions,BootstrapCat_ratio75_bayesian_temp0.5,37,37,7.5,Bayesian,0.5,,Default,1.0,10.0,67150,199,72.61885316600092,1280,ok,,best_f2
0.05647741507862607,0.23936774691588966,0.6808622680315828,0.9529051987767584,0.12000308095201417,0.2131618552469558,0.22430536822228217,1768,11425,77,1558,test,history_catboost_bootstrap_search,history_bootstrap_indicator_cat_interactions,BootstrapCat_ratio75_bayesian_temp0.5,37,37,7.5,Bayesian,0.5,,Default,1.0,10.0,67150,199,72.61885316600092,1280,ok,,max_recall_precision_ge_0.12
0.08563135088160309,0.23936774691588966,0.6808622680315828,0.7694189602446483,0.1500119246362986,0.2510727472308153,0.49386296196385215,6065,7128,377,1258,test,history_catboost_bootstrap_search,history_bootstrap_indicator_cat_interactions,BootstrapCat_ratio75_bayesian_temp0.5,37,37,7.5,Bayesian,0.5,,Default,1.0,10.0,67150,199,72.61885316600092,1280,ok,,max_recall_precision_ge_0.15
0.13213252695970606,0.23936774691588966,0.6808622680315828,0.5051987767584097,0.2,0.2865568083261058,0.722619368761802,9889,3304,809,826,test,history_catboost_bootstrap_search,history_bootstrap_indicator_cat_interactions,BootstrapCat_ratio75_bayesian_temp0.5,37,37,7.5,Bayesian,0.5,,Default,1.0,10.0,67150,199,72.61885316600092,1280,ok,,max_recall_precision_ge_0.20
0.5,0.27674067072433217,0.7075779773960323,0.04103428892636313,0.5488721804511278,0.07635983263598327,0.8828213124543826,13232,60,1706,73,validation,history_catboost_bootstrap_search,history_bootstrap_indicator_cat_interactions,BootstrapCat_ratio75_bayesian_temp2,37,37,7.5,Bayesian,2.0,,Default,1.0,10.0,67150,199,78.09842345793732,1465,ok,,default_0.5
0.15942568317324057,0.27674067072433217,0.7075779773960323,0.42833052276559863,0.26606145251396646,0.32823605427525304,0.7930462477605998,11190,2102,1017,762,validation,history_catboost_bootstrap_search,history_bootstrap_indicator_cat_interactions,BootstrapCat_ratio75_bayesian_temp2,37,37,7.5,Bayesian,2.0,,Default,1.0,10.0,67150,199,78.09842345793732,1465,ok,,best_f1
0.10142098840412872,0.27674067072433217,0.7075779773960323,0.7296233839235525,0.18424414478353443,0.2941976427923844,0.5867560214982417,7545,5747,481,1298,validation,history_catboost_bootstrap_search,history_bootstrap_indicator_cat_interactions,BootstrapCat_ratio75_bayesian_temp2,37,37,7.5,Bayesian,2.0,,Default,1.0,10.0,67150,199,78.09842345793732,1465,ok,,best_f2
0.044504832932562695,0.27674067072433217,0.7075779773960323,0.9966273187183811,0.12,0.21420804639362087,0.13688540906376484,290,13002,6,1773,validation,history_catboost_bootstrap_search,history_bootstrap_indicator_cat_interactions,BootstrapCat_ratio75_bayesian_temp2,37,37,7.5,Bayesian,2.0,,Default,1.0,10.0,67150,199,78.09842345793732,1465,ok,,max_recall_precision_ge_0.12
0.07510187399381066,0.27674067072433217,0.7075779773960323,0.8639685216413716,0.1500097599063049,0.2556340956340956,0.4060778979497047,4583,8709,242,1537,validation,history_catboost_bootstrap_search,history_bootstrap_indicator_cat_interactions,BootstrapCat_ratio75_bayesian_temp2,37,37,7.5,Bayesian,2.0,,Default,1.0,10.0,67150,199,78.09842345793732,1465,ok,,max_recall_precision_ge_0.15
0.11368694965565314,0.27674067072433217,0.7075779773960323,0.6498032602585723,0.2,0.30586056356660934,0.6518479198460619,8668,4624,623,1156,validation,history_catboost_bootstrap_search,history_bootstrap_indicator_cat_interactions,BootstrapCat_ratio75_bayesian_temp2,37,37,7.5,Bayesian,2.0,,Default,1.0,10.0,67150,199,78.09842345793732,1465,ok,,max_recall_precision_ge_0.20
0.5,0.23299226344131974,0.6780126426974178,0.02874617737003058,0.5465116279069767,0.05461940732132481,0.8902751551119503,13154,39,1588,47,test,history_catboost_bootstrap_search,history_bootstrap_indicator_cat_interactions,BootstrapCat_ratio75_bayesian_temp2,37,37,7.5,Bayesian,2.0,,Default,1.0,10.0,67150,199,78.09842345793732,1465,ok,,default_0.5
0.13627736368769489,0.23299226344131974,0.6780126426974178,0.48073394495412847,0.20257731958762887,0.28504079782411607,0.7340841650930672,10099,3094,849,786,test,history_catboost_bootstrap_search,history_bootstrap_indicator_cat_interactions,BootstrapCat_ratio75_bayesian_temp2,37,37,7.5,Bayesian,2.0,,Default,1.0,10.0,67150,199,78.09842345793732,1465,ok,,best_f1
0.09479532302536407,0.23299226344131974,0.6780126426974178,0.7229357798165138,0.15951417004048582,0.2613598673300166,0.5494335041812787,6965,6228,453,1182,test,history_catboost_bootstrap_search,history_bootstrap_indicator_cat_interactions,BootstrapCat_ratio75_bayesian_temp2,37,37,7.5,Bayesian,2.0,,Default,1.0,10.0,67150,199,78.09842345793732,1465,ok,,best_f2
0.05639495194793897,0.23299226344131974,0.6780126426974178,0.9596330275229358,0.12,0.21332426920462272,0.2195845697329377,1687,11506,66,1569,test,history_catboost_bootstrap_search,history_bootstrap_indicator_cat_interactions,BootstrapCat_ratio75_bayesian_temp2,37,37,7.5,Bayesian,2.0,,Default,1.0,10.0,67150,199,78.09842345793732,1465,ok,,max_recall_precision_ge_0.12
0.0857582294326429,0.23299226344131974,0.6780126426974178,0.7755351681957187,0.1500059150597421,0.2513877874702617,0.49069328297814946,6008,7185,367,1268,test,history_catboost_bootstrap_search,history_bootstrap_indicator_cat_interactions,BootstrapCat_ratio75_bayesian_temp2,37,37,7.5,Bayesian,2.0,,Default,1.0,10.0,67150,199,78.09842345793732,1465,ok,,max_recall_precision_ge_0.15
0.13427632515860868,0.23299226344131974,0.6780126426974178,0.48990825688073397,0.2,0.28404255319148936,0.7276773671432425,9989,3204,834,801,test,history_catboost_bootstrap_search,history_bootstrap_indicator_cat_interactions,BootstrapCat_ratio75_bayesian_temp2,37,37,7.5,Bayesian,2.0,,Default,1.0,10.0,67150,199,78.09842345793732,1465,ok,,max_recall_precision_ge_0.20
0.5,0.28357142743752756,0.7094997866066086,0.054525014052838675,0.5987654320987654,0.09994848016486348,0.8840820118107624,13227,65,1682,97,validation,history_catboost_bootstrap_search,history_bootstrap_indicator_cat_interactions,BootstrapCat_ratio75_bernoulli_sub0.8,37,37,7.5,Bernoulli,,0.8,Default,1.0,10.0,67150,199,70.020027041086,1441,ok,,default_0.5
0.16577236039496746,0.28357142743752756,0.7094997866066086,0.419336706014615,0.2753783684016242,0.3324420677361854,0.8012076172782164,11329,1963,1033,746,validation,history_catboost_bootstrap_search,history_bootstrap_indicator_cat_interactions,BootstrapCat_ratio75_bernoulli_sub0.8,37,37,7.5,Bernoulli,,0.8,Default,1.0,10.0,67150,199,70.020027041086,1441,ok,,best_f1
0.10294454877434775,0.28357142743752756,0.7094997866066086,0.7223159078133783,0.18588167221177493,0.2956741831569259,0.5937893968548869,7664,5628,494,1285,validation,history_catboost_bootstrap_search,history_bootstrap_indicator_cat_interactions,BootstrapCat_ratio75_bernoulli_sub0.8,37,37,7.5,Bernoulli,,0.8,Default,1.0,10.0,67150,199,70.020027041086,1441,ok,,best_f2
0.04143392342150485,0.28357142743752756,0.7094997866066086,0.9966273187183811,0.12,0.21420804639362087,0.13688540906376484,290,13002,6,1773,validation,history_catboost_bootstrap_search,history_bootstrap_indicator_cat_interactions,BootstrapCat_ratio75_bernoulli_sub0.8,37,37,7.5,Bernoulli,,0.8,Default,1.0,10.0,67150,199,70.020027041086,1441,ok,,max_recall_precision_ge_0.12
0.0736004940880068,0.28357142743752756,0.7094997866066086,0.8729623383923553,0.1500048295180141,0.25601714474118037,0.4011014531218897,4492,8800,226,1553,validation,history_catboost_bootstrap_search,history_bootstrap_indicator_cat_interactions,BootstrapCat_ratio75_bernoulli_sub0.8,37,37,7.5,Bernoulli,,0.8,Default,1.0,10.0,67150,199,70.020027041086,1441,ok,,max_recall_precision_ge_0.15
0.11287140216814072,0.28357142743752756,0.7094997866066086,0.6610455311973018,0.2,0.3070896983940462,0.6478667639838099,8588,4704,603,1176,validation,history_catboost_bootstrap_search,history_bootstrap_indicator_cat_interactions,BootstrapCat_ratio75_bernoulli_sub0.8,37,37,7.5,Bernoulli,,0.8,Default,1.0,10.0,67150,199,70.020027041086,1441,ok,,max_recall_precision_ge_0.20
0.5,0.23880638866594509,0.6818587653400667,0.031804281345565746,0.5652173913043478,0.06022003474232773,0.8905449150256272,13153,40,1583,52,test,history_catboost_bootstrap_search,history_bootstrap_indicator_cat_interactions,BootstrapCat_ratio75_bernoulli_sub0.8,37,37,7.5,Bernoulli,,0.8,Default,1.0,10.0,67150,199,70.020027041086,1441,ok,,default_0.5
0.14468474485228455,0.23880638866594509,0.6818587653400667,0.4562691131498471,0.213631156930126,0.29100838697093817,0.7548556784461828,10447,2746,889,746,test,history_catboost_bootstrap_search,history_bootstrap_indicator_cat_interactions,BootstrapCat_ratio75_bernoulli_sub0.8,37,37,7.5,Bernoulli,,0.8,Default,1.0,10.0,67150,199,70.020027041086,1441,ok,,best_f1
0.09388820358231535,0.23880638866594509,0.6818587653400667,0.728440366972477,0.1591182364729459,0.2611842105263158,0.5455894254113839,6899,6294,444,1191,test,history_catboost_bootstrap_search,history_bootstrap_indicator_cat_interactions,BootstrapCat_ratio75_bernoulli_sub0.8,37,37,7.5,Bernoulli,,0.8,Default,1.0,10.0,67150,199,70.020027041086,1441,ok,,best_f2
0.054529859010067266,0.23880638866594509,0.6818587653400667,0.962079510703364,0.12000305157155935,0.21338940514142304,0.21789857027245751,1658,11535,62,1573,test,history_catboost_bootstrap_search,history_bootstrap_indicator_cat_interactions,BootstrapCat_ratio75_bernoulli_sub0.8,37,37,7.5,Bernoulli,,0.8,Default,1.0,10.0,67150,199,70.020027041086,1441,ok,,max_recall_precision_ge_0.12
0.08564124474435722,0.23880638866594509,0.6818587653400667,0.7730886850152905,0.15001186802753383,0.2512672696551039,0.49197464256811435,6031,7162,371,1264,test,history_catboost_bootstrap_search,history_bootstrap_indicator_cat_interactions,BootstrapCat_ratio75_bernoulli_sub0.8,37,37,7.5,Bernoulli,,0.8,Default,1.0,10.0,67150,199,70.020027041086,1441,ok,,max_recall_precision_ge_0.15
0.132935050481469,0.23880638866594509,0.6818587653400667,0.5070336391437309,0.2,0.28685121107266437,0.7220124089560291,9877,3316,806,829,test,history_catboost_bootstrap_search,history_bootstrap_indicator_cat_interactions,BootstrapCat_ratio75_bernoulli_sub0.8,37,37,7.5,Bernoulli,,0.8,Default,1.0,10.0,67150,199,70.020027041086,1441,ok,,max_recall_precision_ge_0.20
0.5,0.28228814694639504,0.7099356233666695,0.0477796514896009,0.5902777777777778,0.08840353614144565,0.8836838962245371,13233,59,1694,85,validation,history_catboost_bootstrap_search,history_bootstrap_indicator_cat_interactions,BootstrapCat_ratio75_bernoulli_sub0.9,37,37,7.5,Bernoulli,,0.9,Default,1.0,10.0,67150,199,59.31335254199803,1081,ok,,default_0.5
0.15292043820020249,0.28228814694639504,0.7099356233666695,0.4609331084879146,0.25843050740624013,0.33117932148626816,0.7802401964036892,10939,2353,959,820,validation,history_catboost_bootstrap_search,history_bootstrap_indicator_cat_interactions,BootstrapCat_ratio75_bernoulli_sub0.9,37,37,7.5,Bernoulli,,0.9,Default,1.0,10.0,67150,199,59.31335254199803,1081,ok,,best_f1
0.10218699843922142,0.28228814694639504,0.7099356233666695,0.7296233839235525,0.18684324168705915,0.2975017190006876,0.5932585760732533,7643,5649,481,1298,validation,history_catboost_bootstrap_search,history_bootstrap_indicator_cat_interactions,BootstrapCat_ratio75_bernoulli_sub0.9,37,37,7.5,Bernoulli,,0.9,Default,1.0,10.0,67150,199,59.31335254199803,1081,ok,,best_f2
0.043291595857838025,0.28228814694639504,0.7099356233666695,0.9960652051714446,0.12000541785182176,0.21420368691447567,0.13734987724769424,298,12994,7,1772,validation,history_catboost_bootstrap_search,history_bootstrap_indicator_cat_interactions,BootstrapCat_ratio75_bernoulli_sub0.9,37,37,7.5,Bernoulli,,0.9,Default,1.0,10.0,67150,199,59.31335254199803,1081,ok,,max_recall_precision_ge_0.12
0.07425351440528116,0.28228814694639504,0.7099356233666695,0.8684654300168634,0.15,0.25581587879791373,0.40355649923694514,4537,8755,234,1545,validation,history_catboost_bootstrap_search,history_bootstrap_indicator_cat_interactions,BootstrapCat_ratio75_bernoulli_sub0.9,37,37,7.5,Bernoulli,,0.9,Default,1.0,10.0,67150,199,59.31335254199803,1081,ok,,max_recall_precision_ge_0.15
0.11377975215020507,0.28228814694639504,0.7099356233666695,0.6481169196177627,0.2,0.3056733828207847,0.6524450932253998,8680,4612,626,1153,validation,history_catboost_bootstrap_search,history_bootstrap_indicator_cat_interactions,BootstrapCat_ratio75_bernoulli_sub0.9,37,37,7.5,Bernoulli,,0.9,Default,1.0,10.0,67150,199,59.31335254199803,1081,ok,,max_recall_precision_ge_0.20
0.5,0.23658284683829123,0.6809442316157374,0.031192660550458717,0.5666666666666667,0.059130434782608696,0.8905449150256272,13154,39,1584,51,test,history_catboost_bootstrap_search,history_bootstrap_indicator_cat_interactions,BootstrapCat_ratio75_bernoulli_sub0.9,37,37,7.5,Bernoulli,,0.9,Default,1.0,10.0,67150,199,59.31335254199803,1081,ok,,default_0.5
0.16096097783357616,0.23658284683829123,0.6809442316157374,0.3853211009174312,0.23376623376623376,0.2909930715935335,0.7929592662530348,11128,2065,1005,630,test,history_catboost_bootstrap_search,history_bootstrap_indicator_cat_interactions,BootstrapCat_ratio75_bernoulli_sub0.9,37,37,7.5,Bernoulli,,0.9,Default,1.0,10.0,67150,199,59.31335254199803,1081,ok,,best_f1
0.09190676566382952,0.23658284683829123,0.6809442316157374,0.7418960244648318,0.15775783586942385,0.2601887601887602,0.5347990288643107,6717,6476,422,1213,test,history_catboost_bootstrap_search,history_bootstrap_indicator_cat_interactions,BootstrapCat_ratio75_bernoulli_sub0.9,37,37,7.5,Bernoulli,,0.9,Default,1.0,10.0,67150,199,59.31335254199803,1081,ok,,best_f2
0.0566266351853176,0.23658284683829123,0.6809442316157374,0.9541284403669725,0.12,0.21318756405876324,0.22342864850283248,1753,11440,75,1560,test,history_catboost_bootstrap_search,history_bootstrap_indicator_cat_interactions,BootstrapCat_ratio75_bernoulli_sub0.9,37,37,7.5,Bernoulli,,0.9,Default,1.0,10.0,67150,199,59.31335254199803,1081,ok,,max_recall_precision_ge_0.12
0.08509864710722957,0.23658284683829123,0.6809442316157374,0.7798165137614679,0.15,0.25160335471139617,0.48846776369031564,5968,7225,360,1275,test,history_catboost_bootstrap_search,history_bootstrap_indicator_cat_interactions,BootstrapCat_ratio75_bernoulli_sub0.9,37,37,7.5,Bernoulli,,0.9,Default,1.0,10.0,67150,199,59.31335254199803,1081,ok,,max_recall_precision_ge_0.15
0.13346630992806485,0.23658284683829123,0.6809442316157374,0.4984709480122324,0.2,0.28546409807355516,0.7248448880496359,9933,3260,820,815,test,history_catboost_bootstrap_search,history_bootstrap_indicator_cat_interactions,BootstrapCat_ratio75_bernoulli_sub0.9,37,37,7.5,Bernoulli,,0.9,Default,1.0,10.0,67150,199,59.31335254199803,1081,ok,,max_recall_precision_ge_0.20
